chapter_ID	end_ID
01001	01001031
01002	01002025
01003	01003024
01004	01004026
01005	01005032
01006	01006022
01007	01007024
01008	01008022
01009	01009029
01010	01010032
01011	01011032
01012	01012020
01013	01013018
01014	01014024
01015	01015021
01016	01016016
01017	01017027
01018	01018033
01019	01019038
01020	01020018
01021	01021034
01022	01022024
01023	01023020
01024	01024067
01025	01025034
01026	01026035
01027	01027046
01028	01028022
01029	01029035
01030	01030043
01031	01031055
01032	01032032
01033	01033020
01034	01034031
01035	01035029
01036	01036043
01037	01037036
01038	01038030
01039	01039023
01040	01040023
01041	01041057
01042	01042038
01043	01043034
01044	01044034
01045	01045028
01046	01046034
01047	01047031
01048	01048022
01049	01049033
01050	01050026
02001	02001022
02002	02002025
02003	02003022
02004	02004031
02005	02005023
02006	02006030
02007	02007026
02008	02008032
02009	02009035
02010	02010029
02011	02011010
02012	02012051
02013	02013022
02014	02014031
02015	02015027
02016	02016036
02017	02017016
02018	02018027
02019	02019025
02020	02020026
02021	02021037
02022	02022031
02023	02023033
02024	02024018
02025	02025040
02026	02026037
02027	02027021
02028	02028043
02029	02029046
02030	02030038
02031	02031018
02032	02032035
02033	02033023
02034	02034035
02035	02035035
02036	02036038
02037	02037029
02038	02038031
02039	02039043
02040	02040038
03001	03001017
03002	03002016
03003	03003017
03004	03004035
03005	03005019
03006	03006030
03007	03007038
03008	03008036
03009	03009024
03010	03010020
03011	03011047
03012	03012008
03013	03013059
03014	03014057
03015	03015033
03016	03016034
03017	03017016
03018	03018030
03019	03019037
03020	03020027
03021	03021024
03022	03022033
03023	03023044
03024	03024023
03025	03025055
03026	03026046
03027	03027034
04001	04001054
04002	04002034
04003	04003051
04004	04004049
04005	04005031
04006	04006027
04007	04007089
04008	04008026
04009	04009023
04010	04010036
04011	04011035
04012	04012016
04013	04013033
04014	04014045
04015	04015041
04016	04016050
04017	04017013
04018	04018032
04019	04019022
04020	04020029
04021	04021035
04022	04022041
04023	04023030
04024	04024025
04025	04025019
04026	04026065
04027	04027023
04028	04028031
04029	04029040
04030	04030016
04031	04031054
04032	04032042
04033	04033056
04034	04034029
04035	04035034
04036	04036013
05001	05001046
05002	05002037
05003	05003029
05004	05004049
05005	05005033
05006	05006025
05007	05007026
05008	05008020
05009	05009029
05010	05010022
05011	05011032
05012	05012032
05013	05013018
05014	05014029
05015	05015023
05016	05016022
05017	05017020
05018	05018022
05019	05019021
05020	05020020
05021	05021023
05022	05022030
05023	05023025
05024	05024022
05025	05025019
05026	05026019
05027	05027026
05028	05028068
05029	05029029
05030	05030020
05031	05031030
05032	05032052
05033	05033029
05034	05034012
06001	06001018
06002	06002024
06003	06003017
06004	06004024
06005	06005015
06006	06006027
06007	06007026
06008	06008035
06009	06009027
06010	06010043
06011	06011023
06012	06012024
06013	06013033
06014	06014015
06015	06015063
06016	06016010
06017	06017018
06018	06018028
06019	06019051
06020	06020009
06021	06021045
06022	06022034
06023	06023016
06024	06024033
07001	07001036
07002	07002023
07003	07003031
07004	07004024
07005	07005031
07006	07006040
07007	07007025
07008	07008035
07009	07009057
07010	07010018
07011	07011040
07012	07012015
07013	07013025
07014	07014020
07015	07015020
07016	07016031
07017	07017013
07018	07018031
07019	07019030
07020	07020048
07021	07021025
08001	08001022
08002	08002023
08003	08003018
08004	08004022
09001	09001028
09002	09002036
09003	09003021
09004	09004022
09005	09005012
09006	09006021
09007	09007017
09008	09008022
09009	09009027
09010	09010027
09011	09011015
09012	09012025
09013	09013023
09014	09014052
09015	09015035
09016	09016023
09017	09017058
09018	09018030
09019	09019024
09020	09020042
09021	09021015
09022	09022023
09023	09023029
09024	09024022
09025	09025044
09026	09026025
09027	09027012
09028	09028025
09029	09029011
09030	09030031
09031	09031013
10001	10001027
10002	10002032
10003	10003039
10004	10004012
10005	10005025
10006	10006023
10007	10007029
10008	10008018
10009	10009013
10010	10010019
10011	10011027
10012	10012031
10013	10013039
10014	10014033
10015	10015037
10016	10016023
10017	10017029
10018	10018033
10019	10019043
10020	10020026
10021	10021022
10022	10022051
10023	10023039
10024	10024025
11001	11001053
11002	11002046
11003	11003028
11004	11004034
11005	11005018
11006	11006038
11007	11007051
11008	11008066
11009	11009028
11010	11010029
11011	11011043
11012	11012033
11013	11013034
11014	11014031
11015	11015034
11016	11016034
11017	11017024
11018	11018046
11019	11019021
11020	11020043
11021	11021029
11022	11022053
12001	12001018
12002	12002025
12003	12003027
12004	12004044
12005	12005027
12006	12006033
12007	12007020
12008	12008029
12009	12009037
12010	12010036
12011	12011021
12012	12012021
12013	12013025
12014	12014029
12015	12015038
12016	12016020
12017	12017041
12018	12018037
12019	12019037
12020	12020021
12021	12021026
12022	12022020
12023	12023037
12024	12024020
12025	12025030
13001	13001054
13002	13002055
13003	13003024
13004	13004043
13005	13005026
13006	13006081
13007	13007040
13008	13008040
13009	13009044
13010	13010014
13011	13011047
13012	13012040
13013	13013014
13014	13014017
13015	13015029
13016	13016043
13017	13017027
13018	13018017
13019	13019019
13020	13020008
13021	13021030
13022	13022019
13023	13023032
13024	13024031
13025	13025031
13026	13026032
13027	13027034
13028	13028021
13029	13029030
14001	14001017
14002	14002018
14003	14003017
14004	14004022
14005	14005014
14006	14006042
14007	14007022
14008	14008018
14009	14009031
14010	14010019
14011	14011023
14012	14012016
14013	14013022
14014	14014015
14015	14015019
14016	14016014
14017	14017019
14018	14018034
14019	14019011
14020	14020037
14021	14021020
14022	14022012
14023	14023021
14024	14024027
14025	14025028
14026	14026023
14027	14027009
14028	14028027
14029	14029036
14030	14030027
14031	14031021
14032	14032033
14033	14033025
14034	14034033
14035	14035027
14036	14036023
15001	15001011
15002	15002070
15003	15003013
15004	15004024
15005	15005017
15006	15006022
15007	15007028
15008	15008036
15009	15009015
15010	15010044
16001	16001011
16002	16002020
16003	16003032
16004	16004023
16005	16005019
16006	16006019
16007	16007073
16008	16008018
16009	16009038
16010	16010039
16011	16011036
16012	16012047
16013	16013031
17001	17001022
17002	17002023
17003	17003015
17004	17004017
17005	17005014
17006	17006014
17007	17007010
17008	17008017
17009	17009032
17010	17010003
18001	18001022
18002	18002013
18003	18003026
18004	18004021
18005	18005027
18006	18006030
18007	18007021
18008	18008022
18009	18009035
18010	18010022
18011	18011020
18012	18012025
18013	18013028
18014	18014022
18015	18015035
18016	18016022
18017	18017016
18018	18018021
18019	18019029
18020	18020029
18021	18021034
18022	18022030
18023	18023017
18024	18024025
18025	18025006
18026	18026014
18027	18027023
18028	18028028
18029	18029025
18030	18030031
18031	18031040
18032	18032022
18033	18033033
18034	18034037
18035	18035016
18036	18036033
18037	18037024
18038	18038041
18039	18039030
18040	18040024
18041	18041034
18042	18042017
19001	19001006
19002	19002012
19003	19003008
19004	19004008
19005	19005012
19006	19006010
19007	19007017
19008	19008009
19009	19009020
19010	19010018
19011	19011007
19012	19012008
19013	19013006
19014	19014007
19015	19015005
19016	19016011
19017	19017015
19018	19018050
19019	19019014
19020	19020009
19021	19021013
19022	19022031
19023	19023006
19024	19024010
19025	19025022
19026	19026012
19027	19027014
19028	19028009
19029	19029011
19030	19030012
19031	19031024
19032	19032011
19033	19033022
19034	19034022
19035	19035028
19036	19036012
19037	19037040
19038	19038022
19039	19039013
19040	19040017
19041	19041013
19042	19042011
19043	19043005
19044	19044026
19045	19045017
19046	19046011
19047	19047009
19048	19048014
19049	19049020
19050	19050023
19051	19051019
19052	19052009
19053	19053006
19054	19054007
19055	19055023
19056	19056013
19057	19057011
19058	19058011
19059	19059017
19060	19060012
19061	19061008
19062	19062012
19063	19063011
19064	19064010
19065	19065013
19066	19066020
19067	19067007
19068	19068035
19069	19069036
19070	19070005
19071	19071024
19072	19072020
19073	19073028
19074	19074023
19075	19075010
19076	19076012
19077	19077020
19078	19078072
19079	19079013
19080	19080019
19081	19081016
19082	19082008
19083	19083018
19084	19084012
19085	19085013
19086	19086017
19087	19087007
19088	19088018
19089	19089052
19090	19090017
19091	19091016
19092	19092015
19093	19093005
19094	19094023
19095	19095011
19096	19096013
19097	19097012
19098	19098009
19099	19099009
19100	19100005
19101	19101008
19102	19102028
19103	19103022
19104	19104035
19105	19105045
19106	19106048
19107	19107043
19108	19108013
19109	19109031
19110	19110007
19111	19111010
19112	19112010
19113	19113009
19114	19114008
19115	19115018
19116	19116019
19117	19117002
19118	19118029
19119	19119176
19120	19120007
19121	19121008
19122	19122009
19123	19123004
19124	19124008
19125	19125005
19126	19126006
19127	19127005
19128	19128006
19129	19129008
19130	19130008
19131	19131003
19132	19132018
19133	19133003
19134	19134003
19135	19135021
19136	19136026
19137	19137009
19138	19138008
19139	19139024
19140	19140013
19141	19141010
19142	19142007
19143	19143012
19144	19144015
19145	19145021
19146	19146010
19147	19147020
19148	19148014
19149	19149009
19150	19150006
20001	20001033
20002	20002022
20003	20003035
20004	20004027
20005	20005023
20006	20006035
20007	20007027
20008	20008036
20009	20009018
20010	20010032
20011	20011031
20012	20012028
20013	20013025
20014	20014035
20015	20015033
20016	20016033
20017	20017028
20018	20018024
20019	20019029
20020	20020030
20021	20021031
20022	20022029
20023	20023035
20024	20024034
20025	20025028
20026	20026028
20027	20027027
20028	20028028
20029	20029027
20030	20030033
20031	20031031
21001	21001018
21002	21002026
21003	21003022
21004	21004017
21005	21005020
21006	21006012
21007	21007029
21008	21008017
21009	21009018
21010	21010020
21011	21011010
21012	21012014
22001	22001017
22002	22002017
22003	22003011
22004	22004016
22005	22005016
22006	22006013
22007	22007013
22008	22008014
23001	23001031
23002	23002022
23003	23003026
23004	23004006
23005	23005030
23006	23006013
23007	23007025
23008	23008023
23009	23009021
23010	23010034
23011	23011016
23012	23012006
23013	23013022
23014	23014032
23015	23015009
23016	23016014
23017	23017014
23018	23018007
23019	23019025
23020	23020006
23021	23021017
23022	23022025
23023	23023018
23024	23024023
23025	23025012
23026	23026021
23027	23027013
23028	23028029
23029	23029024
23030	23030033
23031	23031009
23032	23032020
23033	23033024
23034	23034017
23035	23035010
23036	23036022
23037	23037038
23038	23038022
23039	23039008
23040	23040031
23041	23041029
23042	23042025
23043	23043028
23044	23044028
23045	23045025
23046	23046013
23047	23047015
23048	23048022
23049	23049026
23050	23050011
23051	23051023
23052	23052015
23053	23053012
23054	23054017
23055	23055013
23056	23056012
23057	23057021
23058	23058014
23059	23059021
23060	23060022
23061	23061011
23062	23062012
23063	23063019
23064	23064012
23065	23065025
23066	23066024
24001	24001019
24002	24002037
24003	24003025
24004	24004031
24005	24005031
24006	24006030
24007	24007034
24008	24008022
24009	24009026
24010	24010025
24011	24011023
24012	24012017
24013	24013027
24014	24014022
24015	24015021
24016	24016021
24017	24017027
24018	24018023
24019	24019015
24020	24020018
24021	24021014
24022	24022030
24023	24023040
24024	24024010
24025	24025038
24026	24026024
24027	24027022
24028	24028017
24029	24029032
24030	24030024
24031	24031040
24032	24032044
24033	24033026
24034	24034022
24035	24035019
24036	24036032
24037	24037021
24038	24038028
24039	24039018
24040	24040016
24041	24041018
24042	24042022
24043	24043013
24044	24044030
24045	24045005
24046	24046028
24047	24047007
24048	24048047
24049	24049039
24050	24050046
24051	24051064
24052	24052034
25001	25001022
25002	25002022
25003	25003066
25004	25004022
25005	25005022
26001	26001028
26002	26002010
26003	26003027
26004	26004017
26005	26005017
26006	26006014
26007	26007027
26008	26008018
26009	26009011
26010	26010022
26011	26011025
26012	26012028
26013	26013023
26014	26014023
26015	26015008
26016	26016063
26017	26017024
26018	26018032
26019	26019014
26020	26020049
26021	26021032
26022	26022031
26023	26023049
26024	26024027
26025	26025017
26026	26026021
26027	26027036
26028	26028026
26029	26029021
26030	26030026
26031	26031018
26032	26032032
26033	26033033
26034	26034031
26035	26035015
26036	26036038
26037	26037028
26038	26038023
26039	26039029
26040	26040049
26041	26041026
26042	26042020
26043	26043027
26044	26044031
26045	26045025
26046	26046024
26047	26047023
26048	26048035
27001	27001021
27002	27002049
27003	27003030
27004	27004037
27005	27005031
27006	27006028
27007	27007028
27008	27008027
27009	27009027
27010	27010021
27011	27011045
27012	27012013
28001	28001011
28002	28002023
28003	28003005
28004	28004019
28005	28005015
28006	28006011
28007	28007016
28008	28008014
28009	28009017
28010	28010015
28011	28011012
28012	28012014
28013	28013016
28014	28014009
29001	29001020
29002	29002032
29003	29003021
30001	30001015
30002	30002016
30003	30003015
30004	30004013
30005	30005027
30006	30006014
30007	30007017
30008	30008014
30009	30009015
31001	31001021
32001	32001017
32002	32002010
32003	32003010
32004	32004011
33001	33001016
33002	33002013
33003	33003012
33004	33004014
33005	33005015
33006	33006016
33007	33007020
34001	34001015
34002	34002013
34003	34003019
35001	35001017
35002	35002020
35003	35003019
36001	36001018
36002	36002015
36003	36003020
37001	37001015
37002	37002023
38001	38001021
38002	38002013
38003	38003010
38004	38004014
38005	38005011
38006	38006015
38007	38007014
38008	38008023
38009	38009017
38010	38010012
38011	38011017
38012	38012014
38013	38013009
38014	38014021
39001	39001014
39002	39002017
39003	39003018
39004	39004006
68001	68001022
68002	68002014
68003	68003017
68004	68004021
68005	68005022
68006	68006018
68007	68007016
68008	68008021
68009	68009006
68010	68010013
68011	68011018
68012	68012022
68013	68013017
68014	68014015
69001	69001016
69002	69002028
69003	69003010
69004	69004015
69005	69005024
69006	69006021
69007	69007032
69008	69008036
69009	69009014
69010	69010023
69011	69011023
69012	69012020
69013	69013020
69014	69014019
69015	69015014
69016	69016025
70001	70001022
70002	70002023
70003	70003015
70004	70004017
70005	70005014
70006	70006014
70007	70007010
70008	70008017
70009	70009032
70010	70010013
70011	70011012
70012	70012006
70013	70013018
70014	70014019
70015	70015016
70016	70016024
71001	71001016
71002	71002024
71003	71003019
71004	71004020
71005	71005023
71006	71006025
71007	71007030
71008	71008021
71009	71009018
71010	71010021
71011	71011026
71012	71012027
71013	71013019
71014	71014031
71015	71015019
71016	71016029
71017	71017021
71018	71018025
71019	71019022
72001	72001030
72002	72002017
72003	72003031
72004	72004031
72005	72005015
72006	72006037
72007	72007036
72008	72008019
72009	72009018
72010	72010031
72011	72011034
72012	72012018
72013	72013026
72014	72014027
72015	72015020
72016	72016030
72017	72017032
72018	72018033
72019	72019030
72020	72020031
72021	72021028
72022	72022027
72023	72023027
72024	72024034
72025	72025026
72026	72026029
72027	72027030
72028	72028026
72029	72029028
72030	72030025
72031	72031031
72032	72032024
72033	72033033
72034	72034031
72035	72035026
72036	72036031
72037	72037031
72038	72038034
72039	72039035
72040	72040030
72041	72041022
72042	72042025
72043	72043033
72044	72044023
72045	72045026
72046	72046020
72047	72047025
72048	72048025
72049	72049016
72050	72050029
72051	72051030
73001	73001022
73002	73002035
73003	73003037
73004	73004037
73005	73005009
73006	73006073
74006	74006073
75001	75001068
76001	76001064
77001	77001042
78001	78001064
78002	78002070
78003	78003060
78004	78004061
78005	78005068
78006	78006063
78007	78007050
78008	78008032
78009	78009073
78010	78010089
78011	78011074
78012	78012053
78013	78013053
78014	78014049
78015	78015041
78016	78016024
79001	79001036
79002	79002032
79003	79003040
79004	79004050
79005	79005027
79006	79006031
79007	79007042
79008	79008036
79009	79009029
79010	79010038
79011	79011038
79012	79012045
79013	79013026
79014	79014046
79015	79015039
82001	82001058
82002	82002030
82003	82003024
82004	82004063
82005	82005073
82006	82006034
82007	82007015
82008	82008096
82009	82009055
84001	84001015
85001	85001007
80001	80001029
80002	80002033
80003	80003030
80004	80004021
80005	80005051
80006	80006041
80007	80007023
83001	83001040
83002	83002048
83003	83003036
83004	83004052
83005	83005056
83006	83006059
83007	83007140
83008	83008063
83009	83009047
83010	83010059
83011	83011046
83012	83012051
83013	83013058
83014	83014048
83015	83015063
83016	83016078
81001	81001035
81002	81002024
81003	81003021
81004	81004026
81005	81005038
81006	81006035
81007	81007023
81008	81008029
81009	81009032
81010	81010021
81011	81011027
81012	81012019
81013	81013027
81014	81014020
81015	81015032
81016	81016025
81017	81017024
81018	81018024
86001	86001019
86002	86002043
86003	86003011
86004	86004019
86005	86005020
86006	86006018
86007	86007045
86008	86008088
86009	86009079
86010	86010009
86011	86011024
86012	86012015
86013	86013032
86014	86014046
86015	86015010
86016	86016020
86017	86017017
86018	86018016
86019	86019011
86020	86020010
86021	86021009
86022	86022012
86023	86023022
86024	86024014
86025	86025012
86026	86026013
86027	86027003
86028	86028020
86029	86029011
86030	86030007
86031	86031013
86032	86032003
86033	86033013
86034	86034006
86035	86035007
86036	86036008
86037	86037004
86038	86038022
86039	86039013
86040	86040006
86041	86041016
86042	86042020
87001	87001008
87002	87002037
87003	87003012
87004	87004025
87005	87005019
87006	87006006
87007	87007010
87008	87008034
87009	87009011
87010	87010008
87011	87011009
87012	87012006
87013	87013012
87014	87014010
87015	87015013
87016	87016015
87017	87017046
87018	87018012
C3001	C3001019
40001	40001025
40002	40002023
40003	40003017
40004	40004025
40005	40005048
40006	40006034
40007	40007029
40008	40008034
40009	40009038
40010	40010042
40011	40011030
40012	40012050
40013	40013058
40014	40014036
40015	40015039
40016	40016028
40017	40017027
40018	40018035
40019	40019030
40020	40020034
40021	40021046
40022	40022046
40023	40023039
40024	40024051
40025	40025046
40026	40026075
40027	40027066
40028	40028020
41001	41001045
41002	41002028
41003	41003035
41004	41004041
41005	41005043
41006	41006056
41007	41007037
41008	41008038
41009	41009050
41010	41010052
41011	41011033
41012	41012044
41013	41013037
41014	41014072
41015	41015047
41016	41016020
42001	42001080
42002	42002052
42003	42003038
42004	42004044
42005	42005039
42006	42006049
42007	42007050
42008	42008056
42009	42009062
42010	42010042
42011	42011054
42012	42012059
42013	42013035
42014	42014035
42015	42015032
42016	42016031
42017	42017037
42018	42018043
42019	42019048
42020	42020047
42021	42021038
42022	42022071
42023	42023056
42024	42024053
43001	43001051
43002	43002025
43003	43003036
43004	43004054
43005	43005047
43006	43006071
43007	43007053
43008	43008059
43009	43009041
43010	43010042
43011	43011057
43012	43012050
43013	43013038
43014	43014031
43015	43015027
43016	43016033
43017	43017026
43018	43018040
43019	43019042
43020	43020031
43021	43021025
44001	44001026
44002	44002047
44003	44003026
44004	44004037
44005	44005042
44006	44006015
44007	44007060
44008	44008040
44009	44009043
44010	44010048
44011	44011030
44012	44012025
44013	44013052
44014	44014028
44015	44015041
44016	44016040
44017	44017034
44018	44018028
44019	44019041
44020	44020038
44021	44021040
44022	44022030
44023	44023035
44024	44024027
44025	44025027
44026	44026032
44027	44027044
44028	44028031
45001	45001032
45002	45002029
45003	45003031
45004	45004025
45005	45005021
45006	45006023
45007	45007025
45008	45008039
45009	45009033
45010	45010021
45011	45011036
45012	45012021
45013	45013014
45014	45014023
45015	45015033
45016	45016027
46001	46001031
46002	46002016
46003	46003023
46004	46004021
46005	46005013
46006	46006020
46007	46007040
46008	46008013
46009	46009027
46010	46010033
46011	46011034
46012	46012031
46013	46013013
46014	46014040
46015	46015058
46016	46016024
47001	47001024
47002	47002017
47003	47003018
47004	47004018
47005	47005021
47006	47006018
47007	47007016
47008	47008024
47009	47009015
47010	47010018
47011	47011033
47012	47012021
47013	47013014
48001	48001024
48002	48002021
48003	48003029
48004	48004031
48005	48005026
48006	48006018
49001	49001023
49002	49002022
49003	49003021
49004	49004032
49005	49005033
49006	49006024
50001	50001030
50002	50002030
50003	50003021
50004	50004023
51001	51001029
51002	51002023
51003	51003025
51004	51004018
52001	52001010
52002	52002020
52003	52003013
52004	52004018
52005	52005028
53001	53001012
53002	53002017
53003	53003018
54001	54001020
54002	54002015
54003	54003016
54004	54004016
54005	54005025
54006	54006021
55001	55001018
55002	55002026
55003	55003017
55004	55004022
56001	56001016
56002	56002015
56003	56003015
57001	57001025
58001	58001014
58002	58002018
58003	58003019
58004	58004016
58005	58005014
58006	58006020
58007	58007028
58008	58008013
58009	58009028
58010	58010039
58011	58011040
58012	58012029
58013	58013025
59001	59001027
59002	59002026
59003	59003018
59004	59004017
59005	59005020
60001	60001025
60002	60002025
60003	60003022
60004	60004019
60005	60005014
61001	61001021
61002	61002022
61003	61003018
62001	62001010
62002	62002029
62003	62003024
62004	62004021
62005	62005021
63001	63001013
64001	64001015
65001	65001025
66001	66001020
66002	66002029
66003	66003022
66004	66004011
66005	66005014
66006	66006017
66007	66007017
66008	66008013
66009	66009021
66010	66010011
66011	66011019
66012	66012018
66013	66013018
66014	66014020
66015	66015008
66016	66016021
66017	66017018
66018	66018024
66019	66019021
66020	66020015
66021	66021027
66022	66022021
